organization number,orgnum of the chain,orgnum of rented property's owner
811616532,986554270,999244564
812288172,,
812448072,985850062,
812573772,,
812610082,986554270,996920917
812657402,986554270,996920917
814045382,998514983,
814328562,879439582,
814400352,,
814581462,,
815225732,938641862,915191800
815366832,878620852,925335894
815471202,912450716,
815516192,,
815672542,,
815982762,993312444,
816032172,991926577,
816281172,921967233,
817088252,,817088252
817880932,,
818072872,878620852,
818722192,991926577,
819294542,878620852,
819390002,,
819510822,938641862,986876251
821478782,,
822119212,,
823074662,,
824369062,,
826567112,,
827642312,886308922,971378220
828227572,985850062,964950113
871626812,986721924,
872153322,,
872172572,,
872207562,,
872215492,,
872236112,,953155818
872285482,,
872290702,,
872301992,878620852,
872332022,,999999999
872339892,,
873075392,,958087322
873076372,971272643,
873111992,938498318,930891126
873131632,,
873138882,886308922,
873157232,886308922,
873158352,,
873167092,,
873190132,958673027,
873263792,,
873280492,,914985307
873348712,,
873349352,,
873353252,,994018175
873445882,,815987632
873448792,,
873449772,,
873455942,,
873456302,,999070469
873456442,,980594963
873457082,,964962766
873457112,,
873458232,,
873458712,,986074988
873459492,,
873461322,,985322562
873461772,919147857,883546172
873464372,,
873464852,,
873468912,,997028759
873469862,,
873470542,878620852,
873470992,971272643,
873471972,,963999087
873480882,,981405803
873482052,971493488,964338531
873483482,,950535342
873485612,,
873489812,871497052,
873493712,,971278374
873495472,,
873502142,,
873502592,,
873504102,,
873512032,,
873512172,,
873512962,971230061,
873513012,,
873606002,,
873688262,,
873736712,,985987246
873746882,,
873769912,,991705120
873784822,,
873800062,,
873808802,,
873831472,,
873845082,,988671932
873864052,,
873885262,,
873893362,976993616,
873910542,,
873919892,,
873987642,,
874013382,,
874024872,,
874038202,,
874050512,878620852,
874050652,,
874058092,,
874062642,,
874064122,,
874116572,,
874127612,992598778,
874146102,886308922,997258118
874180882,,
874183342,,964962766
874187372,994871323,
874198722,994312014,
874225762,912450716,
874302732,,
874316342,912450716,930558664
874336742,,
874515132,878620852,925335894
874544272,,
874545422,,
874554162,,
874565342,,
874565512,,
874566632,,
874570192,,
874578592,,
874578622,,
874579602,,
874582352,,
874584142,,
874584932,,
874585742,,
874586552,,
874591572,,
874592072,,
874592102,,
874593672,,
874593702,,
874600822,,
874610992,,
874611042,,
874611182,,
874612162,,
874612332,,
874614262,,
874614742,,
874619892,,
874621552,,
874621862,,
874627062,,
874628042,,
874628182,,
874703362,,976987144
874706892,,
874716812,,
874737402,,
874738832,,
874738972,,
874739162,,
874798452,,976992563
874800082,,
874860212,,
874890952,,971491183
874900702,,
874998362,975717771,975717771
875009532,,948677202
875016652,971272643,
875016792,,
875028642,971529652,971529652
875065092,,
875123262,,
875183842,975717771,975717771
875185152,,
875211382,971230061,
875268082,,
875268252,,
875268392,,
875290932,,
875291262,,
875291432,,
875291572,,
875291602,,
875291882,,
875295292,,
875295322,,
875295772,,
875296132,,
875297252,,
875297392,,
875298062,,
875298232,,
875298852,,
875298992,,
875299042,,
875300512,,
875300792,,
875301012,,
875301292,,
875301462,,
875301632,,
875301772,,
875302132,,
875302582,,
875302892,,
875303082,,
875303422,,
875303732,,
875306022,,
875306162,,
875306332,,
875306472,,
875306502,,
875306642,,
875307002,,
875307282,,
875307452,,
875307592,,
875307932,,
875308262,,
875308432,,
875308572,,
875308882,,
875308912,,
875309072,,
875309242,,
875309412,,
875309692,,
875309722,,
875309862,,
875310062,,
875310232,,
875310372,,
875310402,,
875310542,,
875310712,,
875310852,,
875310992,,
875311042,,
875311182,,
875311972,,
875312022,,
875312162,,
875312472,,
875312502,,
875312642,,
875312782,,
875312952,,
875313142,,
875313282,,
875313622,,
875314092,,
875314602,997147812,
875315382,,
875315412,,
875315552,,
875315722,,
875315862,,
875316192,938641862,914850894
875316222,,
875316532,,
875316672,,
875316702,,
875316982,971272643,993467049
875317032,971272643,993467049
875317512,,
875317962,,
875318012,,
875320092,,
875320262,,
875320602,,
875321072,,
875321692,,
875321862,,
875322982,,
875323172,878620852,938583986
875323512,,
875323962,,
875324012,,
875324152,,
875324462,,
875324632,,
875365002,,
875375822,971272643,920125298
876009072,,
876053632,,
876058782,,
876503212,976498860,820710592
876671832,,
876673452,,
876674262,,
876697572,,998120845
876772752,938641862,984173563
876832682,,
879600642,,
879733022,878620852,922707804
879998662,,
880202332,,
880326422,,
880424092,,
880457772,,
880506552,,
880541072,878620852,925335894
880613502,,
880928422,,
880992082,,
881068842,,
881117592,878620852,925335894
881234092,,925880876
881503972,,
882522202,,
882568202,886308922,
882719332,,
882773612,,
882891992,,
882956792,,
884131782,,984091982
884170532,998514983,
884521262,,
884683092,,
884753902,,
884815452,938641862,
884876532,991926577,
884917832,,
884962862,989164902,989164740
885030912,,919160438
885155162,,
885268412,,
885466532,,
885472672,,
885550142,,
885889042,,
885972942,991926577,989932454
886009232,,884034582
886023952,,
886130082,,995456036
886221282,,
886584172,,
886868162,,
886933592,991926577,989932454
887039542,,
887103852,,
887425922,,
887536902,,
887662592,998514983,
887698392,,
887722862,980907457,985987246
887723192,980907457,974778882
887731152,,
887734062,,
887829322,,
887908052,,
887913072,,
888017852,938641862,988009644
888021442,,
888056882,,
888169482,,971551860
888380892,,
888432892,,
888443142,986554270,922698058
888484582,991926577,989932454
888496092,,
888540512,,
888544372,,
888774122,,836095782
888839542,,819750602
889284552,,
889305142,938641862,989117297
889412062,878620852,925335894
889484772,878620852,925335894
889548452,986554270,922698058
889554452,878620852,
889639482,938641862,989544926
889696982,,
889857072,989810278,
890063292,,
890147712,,
890182852,878620852,925335894
890239412,,990097569
890427472,,
890686052,,
890705952,,
890721672,938641862,990674825
890771262,,
890825842,,
890906362,,992100222
890941532,878620852,
890941702,912450716,
891041942,938641862,990986819
891191162,,919437200
891321252,979737459,995733226
891337302,938641862,896152912
891392362,,
891420102,,
891439822,,
891511612,,
891521332,,
891532342,,992094087
891547072,,
891554842,,
891634242,938641862,991585907
891690762,986554270,999244564
891833962,,
891899262,,
892004072,971646861,
892022682,,
892124612,,
892206082,991926577,989932454
892287392,,
892310262,898544192,912411710
892328242,,
892486042,,994042661
892527512,989087282,976992571
892527792,989087282,917332026
892552002,938641862,992475889
892556822,878620852,925335894
892775362,878620852,
892797242,,997096258
892899312,,999999999
893008292,,
893017992,986554270,999244564
893129472,,
893149732,976646861,
893150412,988014656,980876883
893174052,,
893193952,986554270,922698058
893248412,938641862,
893447172,,
893472622,971646861,
893581642,938641862,993574805
893589872,,966968192
893595112,938641862,993574074
893623442,,
893765832,,
893806482,,987909900
894236752,,
894307242,938641862,
894393122,,
894400862,938641862,994391119
894436662,993314862,921838719
894754672,,
894911662,,
894934182,878620852,
894939672,,
894941782,991926577,992864206
894950382,,
894966262,,
895123412,878620852,
895212792,,
895380652,,872418032
895592102,878620852,
895612162,998514983,
895639982,,
895837512,,984229291
896025392,,
896049542,,
896194372,986554270,996920917
896194402,986554270,996920917
896210882,989065971,983021468
896335332,,
896427792,,994068083
896450832,878620852,925335894
896646982,,999999999
896678272,976694430,
896741632,991926577,915165974
896788752,986554270,996920917
896934112,878620852,925335894
897062402,,
897177102,,939991034
897217872,,
897463962,991926577,
897621452,,
897740052,,925395404
897797062,971272643,
897894602,,
898020002,,
898588262,917891702,998559006
899164512,878620852,925335894
899303962,,
899650352,878620852,
911616734,938641862,999632289
911643006,,
911655861,921967233,
911696037,,
911717395,,976479300
911723891,,
911724782,,971491175
911737337,991926577,
911801981,,
911809311,878620852,
911842904,938641862,911827182
911944812,878620852,925335894
911944855,878620852,925335894
911955091,,
911987392,878620852,
911992930,,918281576
912013804,,
912014401,,
912022498,,
912030865,,
912050599,,
912071561,971646861,
912076865,991926577,
912132145,978605702,990199272
912168549,,
912267334,991926577,
912271854,,
912322211,,
912349926,,
912364445,,
912383407,,972416045
912531481,,
912589137,,
912657388,986554270,996920917
912664244,,
912664287,,
912807932,,
912827437,979737459,927123134
912845893,,991584617
913034678,,
913043898,,
913071093,,
913071131,,
913071247,,
913085582,988256455,
913108027,,
913119827,,
913205820,912450716,
913290461,,976203011
913339231,,833237802
913343174,,
913387031,,
913420438,912170357,
913473000,,
913497554,974533588,
913626826,938641862,998708931
913721047,,923782990
913724070,,
913820223,,913904583
913825721,,
913833864,986554270,999244564
913837355,,
913874188,,
913878299,,
913899954,878620852,925335894
913901533,,918111034
913987829,879439582,879439582
913988833,,
914010926,,
914045533,998514983,
914082080,,971371064
914094755,938641862,
914129427,938641862,991831258
914301521,,
914323061,878620852,925335894
914328500,879439562,879439582
914328780,879439582,879439562
914419417,993314862,911940906
914479770,,
914622336,879439582,879439582
914698839,938641862,992337141
914735025,913307062,
914746620,975717771,975717771
914753732,,815727312
914766044,,
914799732,991926577,
914851076,,
914885957,,
914979269,,985804753
914985560,,920038344
914987679,,
915126960,,
915127207,,
915127479,,
915150187,998514983,
915233805,,985720983
915235794,,
915323642,938641862,
915341608,,
915345875,986554270,
915367240,921967233,940877148
915370047,992208430,917891591
915376770,,
915482481,,
915499929,878620852,
915500072,878620852,
915506941,,
915508480,,
915519024,946272620,
915616518,993314862,993345415
915639607,991926577,
915650422,,
915671233,,
915691757,991926577,
915693776,,
915751946,,
915766404,,
915777856,,
915787185,,
915830110,,
915854052,,
915988709,,
916092725,986554270,993061123
916115881,,
916300670,997126971,
916311508,,
916329725,,
916336101,,
916349548,991926577,
916381662,970133194,
916381689,970133194,
916397305,,
916469144,,
916469535,,
916469543,,
916508182,878620852,
916528426,938641862,986337946
916562489,,
916640838,,916476655
916674775,,
916682166,,
916729375,938641862,916698216
916742789,,
916757557,938641862,
916935153,,
916973764,938641862,
916983344,,
917020345,971646861,
917084319,,
917114641,,
917137803,991926577,
917151644,878620852,
917192715,938641862,
917230870,987985135,983501753
917306249,,
917316651,,
917329583,,
917333564,,
917434077,,
917459517,,
917487669,,
917522650,,
917709114,,
917744807,938641862,917672962
917875103,946272620,
918049916,,925582719
918087974,,
918091068,938641862,990935122
918100717,,
918137122,,971598085
918282203,,
918290222,993314862,995464128
918303847,,
918305149,,
918305203,,
918305254,,
918305270,,
918318054,,
918340556,,842566142
918342753,,
918352651,,
918381309,,
918381856,,
918394192,,986745459
918429034,992725982,
918676708,960033950,
918776559,,
918871217,,
918929053,,
919129026,,
919231769,,
919232420,,
919264020,,
919361719,,
919409649,988256455,
919415509,,
919484594,,
919501723,986554270,999595146
919572906,,
919597607,,920422217
919643927,878620852,412624831
919771577,985850062,970906843
919858702,921967233,944073787
919907878,,890078672
919978856,,
920019242,,
920019293,,
920062407,,
920088074,988256455,
920143067,,
920167993,,
920187943,,
920214592,994926577,
920219888,,
920273955,,
920543685,,
920560504,,820710592
920568106,991926577,
921015437,938641862,
921043449,974533588,230763480
921045808,,
921052847,,987713887
921093713,,
921212860,,
921320957,998514983,
921391234,,
921550456,878620852,
921559771,,
921752660,,
921752849,,
921755570,,
921776071,984685920,984685920
921792409,,964965226
921801033,986554270,
921840225,984128681,
921849710,,
921889313,,
922043612,,
922080658,,
922149615,,
922168547,,
922265852,,
922265895,,
922356289,,
922396094,,123456789
922401349,986554270,
922607680,,919206993
922627444,,
922654050,,
922711348,991926577,
922714134,991926577,
922767440,,
922770999,,
922827087,,
922892849,,
922893640,,
922937680,,
923068783,,
923074236,,
923074546,,
923153225,,
923191577,,
923198687,,964856117
923249613,,
923344217,,
923344349,,
923531394,938641862,
923701680,,
923903682,,
923984410,,
924115912,991926577,
924303107,,
924304944,,
924524146,,
924539011,,
924625589,,
924637447,988256455,
924645660,,
924667311,,
925026409,,
925106828,,
925237272,,971327669
925309451,,
925313661,,
925437123,,
925451193,,
925451657,,980139441
925481041,,
925497541,,
925745367,979737459,950009845
925824399,878620852,
925998400,,
926164287,971272643,
926200984,,
926288784,,976988299
926353853,,939600516
926369199,,
926378562,,
926379704,,
926456237,948554062,
926499025,,983906060
926545418,,
926655906,,969559560
926658395,,974493586
927010100,,
927077485,,
927159201,,
927384973,986554270,912482472
927770830,,
928049779,,
928291731,,
971484241,,
971554878,,
971633026,979737459,913579674
971634073,,
971634189,,
971634790,,
971636823,938641862,959384983
971724080,,
971929758,,
971977612,,
972138452,,
972138487,,
972139599,,
972153621,,
972154172,,
972156507,878620852,
972156914,938641862,988252506
972156957,,915114997
972157236,,
972164143,,
972174017,,
972174068,,
972174084,,970996435
972174106,916342152,916342152
972179337,,933270092
972179353,,
972179361,,
972179728,,
972179760,,
972181153,991926577,
972181161,912450716,
972181242,,
972189871,,
972197440,,
972200336,938641862,855912082
972200913,,
972207713,,993441929
972208353,878620852,985987246
972209503,,
972210447,,
972211095,,
972213969,,
972214361,,940791901
972214558,,
972215120,986554270,996920917
972215473,,
972215481,,
972215910,,
972217832,,
972217964,,
972218243,878620852,925335894
972218480,,
972228257,,
972228273,878620852,
972228311,,
972235970,,
972235989,938641862,991730168
972235997,,
972239682,,
972239747,,
972239968,,
972240087,,
972240478,,
972240486,,
972240540,,
972240605,986554270,996920917
972240702,,
972240761,,
972241415,,
972241431,,
972242225,878620852,925335894
972243051,,
972252557,,
972280739,,
972280747,,
972280801,,
972285501,,
972285552,,
972285579,,
972285617,,
972285676,,
972285706,,
972286397,,
972286419,,
972286427,,
972286478,,
972286524,,
972286559,917891702,958944403
972286567,,
972290637,,
972290807,,
972290912,,
972290920,,
972290963,,
972291145,,
972291188,,
972291706,912450716,
972301760,,
972333123,,
972335002,965040986,
972339113,,
972339148,,
972339318,878620852,925335894
972339563,,
972339628,,
972339679,,
972339695,986554270,996920917
972339989,,
972340006,,
972340243,,
972340278,878620852,925335894
972346489,,
972360643,,
972397733,,
972397741,,
972397865,,
972397873,938641862,968457764
972398624,,
972398888,,
972399434,,
972399442,,
972399450,,
972399469,,
972399477,986554270,996920917
972418722,,
972517038,,976986601
972726109,,
972734284,,
972734675,,
972734713,,948758946
972734721,,984476485
972773816,,
972924768,878620852,956972949
972925098,,
972933228,,
973022881,,
973023837,,
973025406,,
973065807,,820710592
973073508,,928135152
973074245,,971251727
973076329,971272643,916882807
973076337,971272643,916882807
973076345,971272643,916882807
973076353,,
973076361,971272643,
973076388,971272643,
973076396,971272643,
973076418,971272643,
973076434,971272643,
973076442,971272643,
973076450,971272643,
973076469,971272643,
973076477,971272643,
973076485,971272643,
973076515,971272643,
973076922,,
973107690,971272643,944384448
973111965,938498318,930891126
973117599,986554270,996920917
973117602,986554270,996920917
973117629,986554270,996920917
973128507,956204860,956204860
973128515,947506579,
973138642,819780722,921383681
973138650,819780722,
973152556,,
973154710,,
973158902,,974533065
973162861,960033590,
973167189,,
973168630,,
973172301,,
973179179,,971381779
973183028,951103217,951103217
973183605,,
973190121,976694430,
973219375,,921969309
973228951,,977147719
973229214,878620852,
973231782,,
973233092,,974639920
973237209,878620852,925335894
973265059,,
973269852,,971431296
973270222,,
973276700,,
973278886,,973278886
973281216,,990494886
973281461,,
973288792,,
973297287,,964962766
973299174,,964962766
973304100,912450716,
973304143,,971439130
973304747,,
973306812,,
973334662,912450716,
973334727,912450716,
973334743,912450716,
973334794,,
973334832,912450716,
973334859,,983811345
973334875,,964338531
973335073,,976989694
973336436,996820645,997020529
973336452,,
973336460,,
973336622,,922623120
973337165,,
973337211,,
973337238,,
973337459,,
973337491,,959159092
973337785,,971259817
973337890,,
973338536,,964338531
973341200,,
973341235,,
973342355,,998562988
973345028,,970189297
973345656,,981303059
973345834,,
973346121,,
973346164,,977000041
973346199,,
973346407,,
973346504,,976990552
973346628,,988983837
973346679,,979250924
973347195,,983476732
973347284,,
973347446,,
973348434,,
973348892,,
973348914,,
973348973,989065971,
973351184,,
973351273,,993632821
973352091,,
973352156,,
973352350,,971363517
973352377,,
973352504,886308922,
973353055,,
973353942,,
973356550,,977258855
973357204,,
973357220,,955378024
973357360,,976820037
973357484,,
973382322,989810278,
973382349,,
973382373,,971460490
973382403,,
973382411,979737459,995733226
973382462,,
973382535,,993046132
973382551,878620852,925335894
973382586,,976986008
973382624,886308922,921875533
973382632,,
973382683,,
973382691,,970984712
973382942,,940155223
973383051,,894202912
973383159,991926577,
973383191,989810278,921383681
973383205,,
973383221,,
973383248,,
973383272,,
973383418,,
973383426,,
973383469,,
973383477,,
973383485,,
973383523,,
973383531,,871367442
973383558,,
973383574,,
973383620,912450716,
973390945,,948473429
973390953,,986474234
973435442,878620852,
973445936,,931073737
973445979,,
973445995,,
973446002,,959901064
973446525,,
973446584,,992410213
973448560,,
973448633,,
973448706,,
973448730,,
973448765,878620852,971474807
973448781,,
973448811,,928203336
973449044,992598778,
973449133,,
973449192,,
973449346,,
973449400,,
973449664,,
973449699,,922121893
973449850,,
973449931,,
973454307,,
973454404,,988520462
973454412,,
973454447,,
973454455,,
973454528,,971251042
973454544,924058625,922835683
973454870,,981448561
973455036,971272643,938111545
973455079,,
973455710,,
973455729,,976994191
973455737,,
973455745,,
973455753,,954647625
973455885,,
973455915,,
973455958,886308922,
973456075,878620852,
973456334,,864967272
973456423,,945578564
973456458,,
973456466,,976986458
973456636,,976986504
973456717,,
973456873,,960510542
973456989,878620852,925335894
973457179,,918934774
973457187,,
973457225,,
973457284,,998315077
973457292,,974778882
973457322,,
973457365,,890022162
973457403,,
973457462,,
973457497,,
973457675,,
973457918,,985080631
973457969,,971319178
973458116,,971179929
973458124,,894007532
973458140,,
973458183,,
973458396,,980697177
973458507,,973458507
973458515,,976992032
973458566,,
973458752,,975571807
973458779,,
973458809,,
973458841,878620852,988846988
973458868,,
973458906,,994871676
973459015,,
973459023,,964980543
973459317,,
973459368,,
973459414,,
973459422,,
973459546,,
973459562,,
973459589,,993336181
973459597,,
973459627,,
973459724,,
973459767,,
973459813,,
973459872,,
973461168,,971261633
973461222,,
973461370,,
973461389,,937052766
973461451,,918400184
973461524,,
973461575,,
973461672,,
973461729,,
973461745,,
973461788,,
973461958,,
973461982,,940101808
973462008,,
973462083,,
973463500,878620852,925335894
973464809,,
973464841,,
973464906,,
973464922,,871271712
973464957,,
973464973,,
973464981,,984179782
973465007,,
973465244,,928043533
973465279,,
973465295,,
973465309,,
973465317,,
973465333,878620852,925335894
973465384,,
973465406,,
973465414,993314862,971484454
973465481,,944073310
973465597,,998565359
973465716,,
973465724,,
973466399,,
973466801,,
973468936,,
973469010,,
973469096,881949482,
973469150,,971478195
973469207,,976986393
973469258,,925565032
973469274,,913330617
973469320,,941069991
973469517,,
973469584,991926577,
973469630,,
973469665,,992654007
973469703,878620852,925335894
973469754,,
973469762,,913000625
973469770,,
973469789,,985689377
973469797,971486791,
973469800,,
973469819,,976662156
973469827,,
973469924,,
973469932,,
973469940,878620852,977151503
973469959,,
973469975,,971493453
973469983,,
973470000,,
973470035,,
973470078,,
973470086,,
973470094,878620852,925335894
973470116,,
973470124,,
973470140,,
973470159,,989636278
973470167,,964982953
973470175,,
973470205,,964965781
973470264,920215335,954838161
973470280,,
973470337,,975370097
973470345,,
973470426,986554270,999244564
973470434,,940101808
973470531,878620852,
973470590,,
973470612,,957145833
973470639,,
973470655,,985080747
973470868,,964527490
973471023,991926577,915165974
973471198,,
973471589,,
973471651,,983974929
973471686,,
973471708,,
973471716,,
973471767,,
973471775,,975950662
973471783,,988535060
973471791,,878620852
973471805,,
973471813,,
973471872,,
973471910,,
973471961,,
973472003,,
973472321,,920615791
973472348,,
973472429,,
973472437,,
973472461,,
973472496,,
973474332,,
973474871,,
973474898,,
973474936,,964949859
973476068,,
973476076,878620852,925335894
973476173,,
973476203,,953510324
973476556,,964977402
973477986,,
973479393,,
973479881,,995672448
973479903,967405639,948007029
973480855,,
973481681,,
973481886,,
973482068,,
973482599,,
973482866,,
973482963,927365111,927365111
973482971,,990646740
973483072,,
973483285,,994884832
973483463,,
973483471,,
973483528,,
973483536,,
973483552,,977564751
973483609,986554270,999244564
973483617,,950295090
973483625,,
973484060,938641862,919201606
973484087,,
973484109,,
973484230,,
973484257,878620852,925335894
973484265,,
973484273,,993201103
973484338,,
973484486,,
973484494,,
973484532,,
973484583,,
973484656,,
973484672,,
973484729,,958935420
973484745,,996096319
973484761,878620852,925335894
973485202,,
973485237,,
973485318,,
973485377,,
973485431,,
973485458,,
973485830,,
973485849,,
973486012,,
973486047,,
973486055,,924599545
973486063,,951077437
973487493,,
973487507,,
973487523,,
973488562,878620852,
973488570,,
973488589,,
973488600,,
973488651,,915519016
973489186,,
973489259,985996296,985996296
973489321,,
973489348,,
973489372,,
973489542,,
973489550,,
973489577,,
973489623,,945820241
973489631,,899214862
973489658,,
973489844,971272643,
973490125,994312014,
973490133,,987421304
973490141,,983820549
973490273,,
973490494,,
973491059,,
973491083,,
973493701,,
973494007,,
973494368,,876820722
973494406,,880309102
973494422,,
973494589,,
973494597,,
973494600,,
973494627,,
973494635,,
973494651,938641862,991798242
973494716,,
973494724,,
973494732,,
973494759,,977391946
973494783,,
973494899,,
973497820,,
973498274,,980374505
973498525,,
973500422,,944117784
973500473,,
973500716,,
973500791,,989704303
973500848,,
973500988,989164902,920125298
973501054,,988038350
973501119,,
973501151,,
973501283,,991015965
973501313,,923139273
973501372,,
973501437,,972417920
973501453,,874778702
973501593,977545528,
973501704,,
973501879,,
973501925,,
973502018,,
973502050,,
973502093,,
973502131,,
973502263,,
973502514,,
973502549,,987059729
973502565,,
973502611,,942110464
973502638,,
973502646,,980390160
973502670,,
973502697,,
973502743,,989460293
973502883,986554270,996920917
973502948,,
973503006,,
973503014,,974341468
973503049,,
973503057,,
973503065,,
973503073,,
973503081,,
973503111,,
973503189,,
973503197,,
973504096,986554270,996920917
973508032,,
973512013,946272620,
973512080,,
973512412,,
973512560,878620852,925335894
973512692,878620852,
973512706,,912510379
973512927,,
973512935,,
973512943,,
973513060,,874237442
973513109,,
973513141,,
973513303,,
973513427,,
973513435,,
973513516,878620852,925335894
973513532,,
973513559,,
973513699,,
973513826,,
973513834,991926577,
973513974,,
973514067,,979251106
973519662,,
973535765,,976993683
973546007,,
973546813,971375914,
973549529,,
973578898,,
973581570,957109713,
973587331,,
973589032,,
973589245,,999214843
973594117,,
973594656,,986104623
973595199,,
973595202,,
973595504,,
973596683,971272643,920125298
973597639,,976986253
973598104,,
973598112,,
973598430,,
973600826,951103217,914310148
973600834,951103217,951103217
973601849,,
973602993,,
973603795,,
973603825,,
973606018,878620852,
973608223,958673027,
973608746,,
973608770,,
973608797,,
973608800,,
973608827,,
973608835,,
973608843,,
973608851,,
973609009,,
973610317,,
973610341,,
973611976,,
973632574,,
973644653,878620852,
973652885,878620852,925335894
973656546,886308922,
973664883,,
973669885,,
973670786,,
973671715,,979582773
973672762,,
973676695,,976662156
973677284,986554270,996920917
973683225,878620852,
973688197,,
973700243,,996834026
973704869,,
973706160,,
973710397,,
973712705,878620852,
973716492,985996296,985996296
973719025,,969358085
973720317,,
973722271,,
973730215,991926577,
973730894,,998181712
973737260,,
973740806,,
973744445,,
973746901,,
973747223,,
973750399,,
973754645,,
973754769,819780722,917151229
973755706,,
973758659,,
973761773,,925880876
973763881,,971357932
973764322,,
973765051,,
973766066,,
973766589,,
973768492,,
973770616,,
973771604,,
973772503,,
973777270,,
973782975,,974778807
973784749,,
973784757,,
973784781,,
973784803,,
973784811,,
973784838,,
973789120,,
973795120,,
973798103,,
973800523,,973055321
973803956,,
973804049,978605702,987213450
973810103,,938431744
973810944,,
973811495,,971322624
973812246,,
973815903,,
973817426,,
973817493,,
973819356,,
973819364,,
973826875,,971422777
973829688,,
973831623,,
973831674,,
973831682,,
973831690,,
973831704,,
973831828,,
973837117,,986775412
973842013,,
973842021,,
973843605,,
973857576,,
973857606,,
973861905,971272643,923609016
973862340,960033590,
973863266,,
973863339,,
973863347,,
973863576,,
973863878,,
973863959,,
973863967,,
973863975,,
973864033,,
973864483,,
973868756,879439482,
973872060,,
973872583,,
973873741,946272620,
973877070,,971341998
973889982,,
973896563,,
973898825,,
973898833,,
973899228,,
973900722,,
973900749,,
973906887,,970145311
973908464,,971342366
973908588,,
973912186,,
973915509,,
973924680,,
973924699,,
973924702,,
973931733,,951757756
973932705,,954644898
973933957,,
973934066,979737459,
973936301,,
973936743,917891702,996980111
973943812,987382163,974780747
973945319,,
973945718,,
973946188,878620852,925335894
973948172,,
973949608,,
973953745,,
973953826,,
973953869,,
973954792,986554270,999244564
973964119,971272643,
973965204,,
973965220,,
973967630,,
973971735,,
973982729,,971305576
973984667,,
973989677,989065971,
973999389,,971198559
973999427,,
974000997,,
974001292,,
974002310,977545528,
974007762,,
974008548,,
974010534,,
974010623,,
974011522,,
974011530,,
974012669,,
974013568,,
974015226,,
974017598,,
974017911,,
974020750,,
974022222,,
974022877,,
974025272,,
974025868,,
974027178,,
974028026,,
974029960,,
974037149,,
974037424,,
974037971,,
974042584,,
974043483,,
974043769,,
974044439,,
974044889,,
974045982,,
974046245,,
974047136,,
974048507,,
974048515,,
974048760,,
974049228,,
974049562,,
974049732,,
974050501,,
974052091,,
974052113,,
974052423,,
974052571,,
974052962,,
974053462,,
974053748,,
974055619,,
974058537,,
974058545,,
974058553,,
974058588,,
974058596,,
974061376,,
974061643,,
974061775,,
974064561,,
974065037,,
974065800,,
974066432,,
974066734,,
974093065,886308922,
974102226,,985627894
974102382,,
974121557,,
974122081,,
974122545,,
974134985,886308922,
974136171,,
974142740,,990834210
974142791,886308922,
974143003,886308922,
974143097,,977278651
974145561,886308922,
974146037,886308922,915578772
974146231,,
974146444,,970996435
974146460,886308922,
974146584,886308922,
974146592,,
974147580,886308922,
974149125,886308922,
974156164,886308922,
974156172,886308922,
974156202,,
974156237,886308922,
974156245,,
974156253,,974695154
974156261,886308922,
974156318,,922889996
974156342,886308922,
974156423,886308922,
974156431,886308922,
974156458,,
974157187,,971406828
974158507,992598778,
974179229,,
974179571,886308922,917865035
974180871,,
974180944,,
974181053,878620852,971313013
974183129,,
974183293,,
974183412,,985987246
974183455,,971525614
974183536,,914408474
974183552,,
974183730,886308922,974116278
974184338,,
974184362,985850062,
974185431,,
974185563,976993616,
974185598,,
974186829,,
974187248,,
974187477,,
974187515,946272620,
974187531,,
974187558,,
974187574,946272620,
974187604,920215335,926284185
974187620,886308922,
974187663,986554270,999244564
974188120,,958514123
974188155,,
974188465,,
974188546,,938111545
974190079,,821311632
974193612,,919216069
974194554,957109713,
974194570,,991253122
974194678,956918863,
974194937,946272620,
974195127,957109713,
974195135,,971254963
974195240,971272643,920125298
974196492,,
974197286,957109713,
974197901,,922209264
974201844,,
974201852,,
974203235,,
974203243,938641862,997339851
974204592,,
974204622,,
974204762,,951757756
974205076,946272620,
974205157,,
974205165,,998594995
974205181,,
974207540,878620852,925335894
974220512,,
974222027,,
974222035,,
974222043,,
974222051,,
974222388,,971352272
974223481,986554270,996920917
974224356,,
974224917,,996937372
974225867,986554270,999244564
974225875,986554270,999244564
974283956,985850062,
974287137,878620852,972417971
974288028,,
974288346,,971491000
974294443,,974789264
974305658,,971028300
974309327,,
974315483,,976994264
974321254,,
974322706,,
974322889,,
974325489,,
974325543,,
974336316,,960276965
974374307,,940208580
974379422,,
974385341,,
974402874,878620852,925335894
974460335,,974240564
974476932,991926577,
974503913,,969190826
974509679,878620852,925335894
974512971,,
974540630,,971187999
974542412,,
974542730,,
974542749,,
974542757,,
974544237,,
974544245,,
974544253,,
974544261,,
974544288,,
974544296,,
974545845,,
974545888,,
974546108,,
974546132,,
974547686,,
974547767,,
974548437,,
974548445,,
974548453,,
974548461,,
974548895,,
974548909,,
974548925,,
974550040,,
974551497,,
974551519,,
974551527,,
974553740,,
974553775,,
974553791,,
974553805,,
974553813,,
974553821,,
974553848,,
974553856,,
974553864,,
974553872,,
974553880,,
974553899,,
974553910,,
974553929,,
974553937,,
974553953,,
974554119,,
974554135,,
974554143,,
974554151,,
974554178,,
974554186,,
974554194,,
974554208,,
974554216,,
974554224,,
974554232,,
974554240,,
974554259,,
974554267,,
974554275,,
974554291,,
974554305,,
974554364,,
974555824,,
974555832,,
974555840,,
974555859,,
974558556,,
974559137,,
974559854,,
974559889,,
974559900,,
974559919,,
974559927,,
974559935,,
974560437,,
974560445,,
974560453,,
974560461,,
974561549,,
974562618,,
974563819,,
974563827,,
974563835,,
974563851,,
974565358,,
974565498,,
974565501,,
974565528,,
974565536,,
974565544,,
974565595,,
974565609,,
974565668,,
974565676,,
974565730,,
974566648,,
974566656,,
974566664,,
974566672,,
974566699,,
974566702,,
974566710,,
974566729,,
974566737,,
974566745,,
974566753,,
974568551,,
974569027,,
974569035,,
974569043,,
974569051,,
974569280,,
974569299,,
974569302,,
974570181,,
974570203,,
974570211,,
974570238,,
974570246,,
974570440,,
974570769,,
974572583,,
974572613,,
974572656,,
974572680,,
974575736,,
974576120,,
974576139,,
974576147,,
974576171,,
974577739,,
974577755,,
974578603,,
974578611,,
974578638,,
974578654,,
974578662,,
974578670,,
974578700,,
974578719,,
974578727,,
974578735,,
974578743,,
974579510,,
974579529,,
974579537,,
974579545,,
974579588,,
974579596,,
974579618,,
974579626,,
974579634,,
974579642,,
974579650,,
974579669,,
974579677,,
974579766,,
974579936,,
974581957,,
974581965,,
974582368,,
974582430,,
974582449,,
974582457,,
974582465,,
974583364,,
974583747,,
974583763,,
974583771,,
974584069,,
974584077,,
974584131,,
974584158,,
974584174,,
974584182,,
974584190,,
974584204,,
974584212,,
974584964,,
974584999,,
974585014,,
974585022,,
974585030,,
974585057,,
974585073,,
974585723,,
974585731,,
974585774,,
974585804,,
974585812,,
974585820,,
974585839,,
974585944,,
974585952,,
974586029,,
974586568,,
974586576,,
974586584,,
974586606,,
974591081,,
974591510,986721924,
974591529,,
974591537,,
974591561,,
974592088,,
974592096,,
974592118,,
974592126,,
974593424,,
974593432,,
974593440,,
974593459,,
974593467,,
974593661,,
974593742,,
974593750,,
974593777,,
974593874,,
974593890,,
974593912,,
974593947,,
974594862,,
974594870,,
974594889,,
974594897,,
974594900,,
974594919,,
974594935,,
974594943,,
974594951,,
974598329,,
974598647,,
974598922,,
974598981,,
974599007,,
974599015,,
974599023,,
974600838,,
974602199,,
974603098,,
974603101,,
974603179,,
974603470,,
974603489,,
974603497,,
974603500,,
974603632,,
974605546,,
974605589,,
974605597,,
974605775,,
974605880,,
974607581,,
974608278,,
974608669,,
974608677,,
974608723,,
974609568,,
974610728,,
974610981,,
974611007,,
974611015,,
974611023,,
974611031,,
974611058,,
974611104,,
974611155,,
974611201,,
974612178,,
974612186,,
974612208,,
974612216,,
974612224,,
974612240,,
974612259,,
974612275,,
974612283,,
974612291,,
974612305,,
974612321,,
974612348,,
974612356,,
974612364,,
974612372,,
974612380,,
974612399,,
974612402,,
974612429,,
974612437,,
974612445,,
974612550,,
974612666,,
974614235,,
974614243,,
974614251,,
974614499,,
974614723,,
974614758,,
974614790,,
974614812,,
974614820,,
974614839,,
974614847,,
974617528,,
974617684,,
974617811,,
974618176,,
974618184,,
974618192,,
974618427,,
974618680,,
974619709,,
974619830,,
974620634,,
974621843,,
974622351,,
974623544,,
974626640,,
974626659,,
974627000,,
974627019,,
974627078,,
974627086,,
974627116,,
974627159,,
974628031,,
974628058,,
974628066,,
974628074,,
974628082,,
974628090,,
974628104,,
974628112,,
974628120,,
974628139,,
974628147,,
974628163,,
974628171,,
974628198,,
974631350,993314862,999149383
974631393,878620852,
974631415,991926577,915165974
974631423,,
974631628,,
974631962,,
974632306,878620852,
974633213,,983975267
974633264,,
974633272,,
974633418,,
974633639,957109713,
974683989,980907457,919290315
974701480,991926577,
974702711,,
974702843,,976987403
974702886,878620852,
974703009,,976987543
974703351,,
974703386,,976987365
974703408,,971525606
974703416,,876987252
974706202,,
974706512,,983971636
974706954,,
974714728,,
974716798,971272643,
974722232,,984070659
974722313,,
974722674,,
974725142,,974761882
974725320,,
974726742,,
974735512,,
974737396,912450716,
974737450,,977154804
974737760,983974724,
974738813,,
974738821,,
974738848,,
974738856,,
974738864,,
974738872,,
974738880,,
974738899,,
974738902,,
974738937,,
974738945,,
974738961,,
974738988,,
974738996,,
974739003,,
974739038,,
974739046,,
974739054,,
974739062,,
974739070,,
974739089,,
974739097,,
974739100,,
974739119,,
974739127,,
974739135,,
974739143,,
974739178,,
974739186,,
974739216,,
974739224,,
974739232,,
974739240,,
974739267,,
974739291,,
974739305,,
974739313,,
974739348,,
974739356,,
974739364,,
974739372,,
974745550,,
974745577,,
974746964,878620852,925335894
974747553,,
974747995,,
974748002,,
974748010,,
974748762,,
974749017,,
974749750,,
974749777,,
974749823,,
974752425,,
974753375,,971384565
974753928,,915630715
974754126,971272643,
974795876,,
974795949,,
974796090,878620852,823620802
974796201,,
974796732,,973775332
974796740,,976987608
974796880,,
974797127,,974778882
974797585,971529652,971529652
974797615,878620852,976994000
974797682,,
974798417,,976992083
974798441,,
974798476,,
974798484,,
974798530,,
974798670,,
974798719,,
974798735,,
974798778,,976993403
974798999,,
974799472,,
974799553,,823620802
974799812,,976999800
974800152,,977001080
974819902,,950084545
974824299,,979751346
974825368,938498318,930891126
974826801,,971527846
974827700,,981548183
974831309,,
974832348,,912226980
974838028,,
974847795,878620852,925335894
974849100,878620852,883535472
974857561,,880395432
974875101,,
974891360,,
974891778,,
974892170,,
974896583,,
974990148,878620852,
974998394,975717771,975717771
975000346,948554062,
975006271,,959501629
975009262,886308922,
975011615,948554062,
975011623,948554062,
975011631,948554062,
975011658,948554062,
975012093,958673027,
975014223,948554062,
975016528,,
975016536,,
975016544,,
975016552,971272643,
975016560,,
975016579,971272643,974778882
975016587,971272643,974778882
975016595,971272643,974778882
975016617,,
975016633,971272643,971436158
975016668,971272643,953538407
975016676,,
975016684,,
975016730,965040986,921447264
975016749,971272643,
975016757,,
975016765,938641862,923309195
975016773,,
975016811,,
975016838,,
975026639,,
975026647,958673027,
975028496,,
975028798,,964965226
975028852,975717771,975717771
975028860,975717771,975717771
975028879,947506579,
975028925,,913350766
975028933,,921639481
975028941,958673027,
975029131,971375914,
975036456,,969773589
975036464,,
975036499,,
975036537,,
975043789,,
975043827,,
975044556,960033590,
975044580,948554062,
975044661,,
975044858,967405639,948007029
975044912,958673027,
975048144,,
975048179,956918863,
975048217,947506579,
975048284,,971348380
975065103,,
975068056,,
975068595,,
975070336,,
975070719,,
975094065,,
975122999,,
975144119,,
975178412,,948305720
975178706,,
975182606,,
975183106,960033590,
975183114,960033590,
975183149,886308922,988696013
975183297,,
975183408,,
975183440,,
975183556,886308922,
975183793,975717771,975717771
975183815,,
975183823,975717771,975717771
975183874,975717771,975717771
975183890,,
975183939,,870201702
975184137,,953662922
975184161,,
975185117,886308922,839307152
975185699,971493488,
975189228,,971491205
975191729,,
975198146,,
975198987,,
975199150,,
975199258,,
975203492,,
975203999,,
975204154,,
975211908,993314862,993467049
975212289,,
975212645,,974974819
975213277,,
975213617,,
975213625,,
975214036,,
975216381,,
975217604,,968349627
975218279,,
975264009,,
975265323,,
975266702,,984768737
975266729,,
975266761,,958408951
975266842,,984478402
975266974,993314862,917431299
975267911,,
975268012,,
975268020,,
975268039,,
975268047,,
975268063,,
975268071,,
975268101,,
975268128,,
975268160,,
975268217,,
975268225,,
975268241,,
975268292,,
975268306,,
975268322,,
975268330,,
975268365,,
975268373,,
975268403,,
975290514,,
975290859,,
975290867,,
975290875,,
975290883,,
975290905,,
975290956,,
975290964,,
975290972,,
975290980,,
975290999,,
975291235,,
975291243,,
975291251,,
975291278,,
975291294,,
975291308,,
975291332,,
975291340,,
975291359,,
975291367,,
975291375,,
975291383,,
975291391,,
975291405,,
975291413,,
975291421,,
975291456,,
975291472,,
975291499,,
975291502,,
975291510,,
975291537,,
975291545,,
975291553,,
975291561,,
975291596,,
975291618,,
975291626,,
975291642,,
975291650,,
975291669,,
975291677,,
975291693,,
975291707,,
975291715,,
975291723,,
975291731,,
975291758,,
975291766,986554270,826878002
975291804,,
975291820,,
975291847,,
975291855,,
975291871,,
975291898,,
975291901,,
975292746,,
975294552,,
975294560,,
975294579,,
975295192,,
975295206,,
975295214,,
975295230,,
975295249,,
975295257,,
975295281,,
975295303,,
975295311,,
975295338,,
975295346,,
975295354,,
975295362,,
975295389,,
975295397,,
975295427,,
975295435,,
975295494,,
975295516,,
975295532,,
975295559,991926577,989932454
975295575,,
975295605,,
975295613,,
975295664,,
975295680,,
975295699,,
975295710,,
975295737,,
975295753,,
975295761,,
975295796,,
975295966,,
975295974,,
975295982,,
975296016,,
975296032,,
975296040,,
975296075,878620852,925335894
975296083,,
975296091,,
975296105,,
975296121,,
975296156,,
975296172,,
975296199,,889867582
975296245,,
975296377,,
975296466,,
975296504,,
975296520,,
975296539,,
975296555,,
975296563,,
975296660,,
975296687,,
975296695,,
975296709,,
975296717,,
975296725,,
975296806,,
975296814,,
975296873,,
975296938,,
975296946,,
975296970,,
975297063,,
975297071,,
975297098,,
975297101,,
975297128,,
975297276,,
975297284,,
975297306,,
975297322,,
975297659,,
975297675,,
975297683,,
975297691,,
975297705,,
975297713,986554270,826878002
975297756,,
975297764,,
975297802,,
975297810,,
975297829,,
975297837,,
975297845,,
975297861,,
975297896,,
975297934,,
975297950,,
975297969,,
975297977,,
975297985,,
975297993,,
975298000,,
975298019,,
975298027,,
975298051,,
975298078,,
975298086,,
975298094,,
975298108,,
975298124,,
975298159,,
975298183,,
975298191,,
975298205,,
975298213,,
975298221,,
975298256,,
975298264,,
975298272,,
975298280,,
975298310,,
975298329,,
975298337,,
975298353,,
975298361,,
975298388,,
975298809,971272643,
975298833,,
975298868,,
975298876,,
975298892,,
975298914,,
975298957,,
975298981,,
975299058,,
975299228,,
975299260,,
975299287,,
975299511,,
975300064,,
975300242,,
975300269,,
975300315,,
975300358,,
975300366,,
975300374,,
975300501,,
975300749,,
975300765,,
975300773,,
975300838,,
975300846,,
975300862,,
975300889,,
975300897,,
975300927,,
975301060,,
975301095,,
975301109,,
975301141,,
975301176,,
975301214,,
975301222,,
975301230,,
975301273,,
975301281,,
975301451,,
975301516,,
975301524,,
975301583,,
975301605,,
975301621,,
975301656,,
975301702,,
975301710,,
975301729,,
975301745,,
975301753,,
975301788,,
975301818,,
975301826,,
975301842,,
975301850,,
975301869,,
975301877,,
975301885,,
975301893,,
975301907,,
975301915,,
975301923,,
975301990,,
975302008,,
975302024,,
975302083,989065971,
975302121,,
975302148,,
975302156,,
975302164,,
975302180,,
975302229,,
975302237,,
975302245,,
975302253,,
975302261,,
975302288,,
975302318,,
975302334,,
975302342,,
975302350,,
975302369,,
975302385,,
975302415,,
975302423,,
975302431,,
975302466,,
975302474,,
975302504,,
975302512,,
975302539,,
975302563,,
975302571,,
975302636,,
975302652,,
975302660,,
975302687,,
975302717,,
975302733,,
975302741,,
975302768,,
975302814,,
975302830,,
975302849,,
975302873,,
975302903,,
975302970,,
975303012,,
975303039,,
975303101,,
975303128,,
975303209,,
975303268,,
975303276,,
975303314,,
975303330,,
975303357,,
975303381,,
975303411,,
975303438,,
975303446,,
975303454,,
975303462,,
975303489,,
975303500,,
975303527,,
975303535,,
975303543,,
975303594,,
975303608,,
975303624,,
975303632,,
975303640,,
975303667,,
975303683,,
975303691,,
975303705,,
975303721,,
975303748,,
975303780,,
975303829,,
975303837,,
975303888,,
975303926,,
975303993,,
975304000,,
975304019,,
975305910,,
975305945,,
975305953,,
975306003,,
975306011,,
975306038,,
975306046,,
975306054,,
975306062,,
975306070,,
975306089,,
975306100,,
975306119,,
975306127,,
975306135,,
975306186,,
975306208,,
975306216,,
975306275,,
975306305,,
975306348,,
975306356,,
975306364,,
975306372,,
975306410,,
975306445,,
975306496,,
975306518,,
975306534,,
975306550,,
975306585,,
975306607,,
975306615,,
975306631,,
975306658,,
975306674,,
975306682,,
975306690,,
975306755,,
975306798,,
975306852,,
975306860,,
975306879,,
975306887,,
975306917,,
975306976,,
975307042,,
975307050,,
975307069,990060460,
975307085,,
975307123,,
975307131,,
975307158,,
975307166,,
975307174,,
975307220,,
975307239,,
975307247,,
975307255,,
975307301,,
975307328,,
975307352,,
975307360,,
975307417,,
975307425,,
975307468,,
975307522,,
975307530,,
975307557,,
975307565,,
975307581,,
975307727,,
975307743,,
975307751,,
975307786,,
975307794,,
975307808,,
975307816,,
975307840,,
975307867,,
975307875,,
975307883,,
975307921,,
975307948,,
975307956,,
975307964,,
975307972,,
975308057,,
975308065,,
975308073,,
975308162,,
975308219,,
975308227,,
975308278,,
975308286,,
975308332,,
975308359,,
975308367,,
975308383,,
975308448,,
975308456,,
975308464,,
975308472,,
975308480,,
975308510,,
975308553,,
975308618,,
975308626,,
975308715,,
975308766,,
975308812,,
975308855,,
975308898,,
975308901,,
975308928,,
975308936,,
975308979,,
975308995,,
975309002,,
975309010,,
975309045,,
975309061,938641862,990152748
975309088,,
975309134,,
975309142,,
975309177,,
975309185,,
975309193,,
975309207,,
975309215,,
975309223,,
975309231,,
975309258,,
975309266,,
975309274,,
975309282,,
975309304,,
975309339,,
975309371,,
975309401,,
975309436,,
975309495,,
975309509,,
975309606,,
975309649,,
975309657,,
975309673,,
975309703,,
975309711,,
975309762,,
975309789,,
975309797,,
975309800,,
975309819,,
975309843,,
975309878,,
975309886,,
975309908,,
975309916,,
975309924,,
975309932,,
975309959,,
975309967,,
975309975,,
975309991,,
975310000,,
975310078,,
975310094,,
975310116,,
975310140,,
975310159,,
975310175,,
975310191,,
975310213,,
975310248,,
975310272,,
975310280,,
975310299,,
975310302,,
975310353,,
975310361,,
975310450,,
975310523,,
975310531,,
975310558,,
975310582,,
975310590,,
975310604,,
975310612,,
975310620,,
975310639,,
975310647,,
975310655,,
975310671,,
975310728,,
975310760,,
975310779,,
975310787,,
975310795,,
975310809,,
975310817,,
975310825,,
975310868,,
975310884,,
975310892,,
975310906,,
975310914,,
975310922,,
975310930,,
975310949,,
975310981,,
975311007,,
975311015,,
975311023,,
975311031,,
975311058,,
975311074,,
975311090,,
975311112,,
975311147,,
975311163,,
975311171,,
975311198,,
975311244,,
975311252,,
975311287,,
975311341,,
975311384,,
975311392,,
975311422,,
975311430,,
975311449,,
975311473,,
975311546,,
975311554,,
975311562,,
975311570,,
975311589,,
975311597,,
975311619,,
975311627,,
975311651,,
975311678,,
975311686,,
975311694,,
975311708,,
975311716,,
975311740,,
975311759,,
975311775,,
975311783,,
975311791,,
975311848,,
975311856,,
975311872,,
975311899,,
975311910,,
975311945,,
975311988,,
975311996,,
975312003,,
975312038,,
975312119,,
975312127,,
975312151,,
975312178,,
975312186,,
975312208,,
975312216,,
975312224,,
975312240,,
975312267,,
975312283,,
975312305,,
975312313,,
975312356,,
975312380,,
975312402,,
975312488,,
975312569,,
975312577,,
975312631,,
975312658,,
975312666,,
975312682,,
975312690,,
975312720,,
975312739,,
975312763,,
975312798,,
975312801,,
975312895,,
975312909,,
975312917,,
975312968,,
975312976,,
975313026,,
975313042,,
975313050,,
975313077,,
975313085,,
975313093,,
975313107,,
975313255,,
975313263,,
975313271,,
975313298,,
975313301,,
975313387,,
975313395,,
975313425,,
975313433,,
975313476,,
975313549,,
975313565,,
975313638,,940755603
975313697,,
975313719,,
975313751,,
975313816,,
975313832,,
975313840,,
975313883,,
975313921,,
975313964,,
975313972,,
975314014,,
975314022,,
975314030,,
975314049,,
975314057,,
975314065,,
975314073,,
975314081,,
975314103,,
975314111,,
975314138,,
975314146,,
975314170,,
975314189,,
975314200,,
975314243,,
975314251,,
975314324,,
975314332,,
975314340,,
975314367,,
975314375,,
975314391,,
975314456,,976987306
975314529,,
975314537,,
975314588,,
975314626,,
975314634,,
975314650,,
975314669,,
975314677,,
975314707,,
975314715,,
975314723,,
975314731,,
975314766,,
975314790,,
975314812,,
975314820,,
975314898,971272643,
975314960,,971035854
975314995,,
975315037,,
975315045,,
975315053,,
975315096,983974724,
975315118,,
975315142,,
975315185,,
975315258,983974724,
975315347,,
975315355,,
975315363,,
975315371,,
975315398,,
975315428,,
975315436,,
975315444,,
975315460,,
975315487,,
975315495,,
975315509,,
975315517,,
975315525,,
975315533,,
975315541,,
975315584,,
975315592,,
975315630,,
975315657,,
975315703,,
975315738,,
975315762,,
975315770,,
975315789,,
975315797,,
975315800,,
975315827,,
975315843,,
975315878,,
975315886,,
975315894,,
975315908,,
975315916,,
975315932,,
975315967,,
975315975,971272643,993467049
975315991,971272643,993467049
975316009,,
975316017,,
975316025,,
975316033,,
975316041,,
975316068,,
975316084,,
975316149,,
975316203,,
975316211,,
975316238,,
975316246,878620852,925335894
975316262,,
975316270,,
975316289,,
975316297,,
975316300,,
975316319,,
975316327,,
975316343,,
975316424,,
975316432,,
975316440,,
975316459,,
975316467,,
975316475,,
975316483,,
975316505,,
975316521,,
975316548,,
975316556,971272643,
975316564,,
975316572,971272643,
975316629,,
975316645,,
975316653,,
975316661,,
975316688,,
975316718,,
975316726,,
975316742,,
975316750,,
975316785,,
975316793,,
975316823,,
975316947,971272643,974778882
975316971,,
975317005,971272643,993467049
975317021,971272643,993467049
975317099,938641862,914850843
975317102,,
975317110,,
975317129,,
975317137,,
975317145,,
975317161,,
975317218,,
975317323,,
975317366,,
975317382,,
975317390,,
975317528,,
975317536,,
975317544,,
975317587,,
975317595,,
975317641,,
975317668,,
975317684,,
975317730,,
975317803,,
975317811,,
975317854,,
975317889,,
975317900,,
975317943,,
975317978,,
975318036,,
975318044,,
975318052,,
975318176,,
975318222,,
975319717,,
975319970,,
975319989,971272643,
975320103,,
975320138,,
975320227,,
975320235,,
975320243,,
975320251,,
975320278,,
975320308,,
975320340,,
975320391,,
975320618,,
975320642,,
975320669,,
975320685,,
975320723,,
975320766,,
975320782,,
975320820,,
975320863,,
975320871,,
975320944,,
975321029,,
975321045,,
975321053,,
975321061,,
975321134,,
975321177,,
975321185,,
975321193,,
975321215,,
975321223,,
975321282,,
975321290,,
975321363,,
975321371,,
975321444,,
975321533,,
975321541,,
975321576,,
975321614,,
975321681,,
975321711,,
975321738,,
975321746,,
975321959,,
975321975,,
975321991,,
975322009,,
975322017,,
975322041,,
975322068,,
975322092,,
975322122,,
975322130,,
975322157,,
975322165,,
975322173,,
975322211,,
975322246,,
975322254,,
975322300,,
975322467,,
975322475,,
975322505,,
975322637,,
975322785,,
975322807,,
975322815,,
975322823,,
975322920,,
975323048,,
975323056,,
975323080,,
975323153,,
975323196,,
975323226,,
975323269,938641862,990224846
975323285,,
975323323,,
975323366,,
975323374,,
975323382,,
975323390,,
975323404,,
975323412,,
975323420,,
975323455,,
975323463,,
975323471,,
975323501,938641862,990224641
975323528,,
975323536,,
975323560,,
975323579,,
975323595,,
975323633,,
975323668,,
975323676,,
975323684,,
975323714,,
975323722,,
975323730,,
975323749,,
975323773,,
975323846,,
975323854,,
975323927,,
975323943,,
975323994,,
975324052,,
975324087,,
975324095,,
975324125,,
975324168,,
975324176,,
975324206,,
975324222,,
975324249,,
975324281,,
975324346,,
975324354,,
975324389,,
975324400,,
975324419,,
975324435,,
975324451,,
975324516,,
975324583,,
975324605,,
975324923,,
975324966,,
975325008,,
975325016,,
975325075,,
975325083,,
975325091,,
975325202,,
975325229,,
975325245,,
975325261,,
975325342,975717771,975717771
975325377,,
975325385,,
975325431,,
975325458,,
975325466,,
975325482,,
975325563,,
975325652,,
975325725,,
975325814,,
975325938,,
975325954,,
975337170,,
975345440,,
975351971,960319435,976662156
975394395,,
975782409,,
975815145,878620852,925335894
975815978,,
975816826,,
975820734,,971541865
975822117,,
975826368,984128681,
975830500,,
975840174,,
975840565,,
975849236,914458811,
975849589,,
975856011,960319435,960319435
975858456,,
975862682,967405639,948007029
975879097,,
975894312,,
975897346,913442075,
975898806,938641862,911715597
975909697,,
975914119,,
975919307,,995098180
975941183,,
975941205,,918328963
975943232,,
976006739,,998541042
976011716,,
976015894,,
976036468,,
976056957,,
976081064,,
976094034,,984640749
976097327,,
976128710,977545528,
976134176,,
976177843,878620852,925335894
976219414,988256455,
976285964,,
976295307,,989591932
976334604,,
976343859,,
976344529,878620852,925335894
976379780,,983974910
976466411,,
976482662,,
976551311,,983974910
976555465,,
976559479,,
976599136,,954745708
976599292,,
976603079,,
976610636,,970540008
976610695,,
976618580,,
976619943,878620852,925335894
976635892,,
976638867,,
976639804,,
976643836,,
976644042,878620852,925335894
976651472,878620852,925335894
976666097,,
976666860,,
976666879,,
976668006,,
976668138,819780722,
976668545,,
976671821,,
976672321,,
976673123,,
976673603,,
976673824,,
976674251,,
976674286,,
976674294,,
976674359,,
976675827,,
976675894,,
976677056,,
976677323,,
976677358,,
976678893,,
976687477,,
976687574,938641862,988792160
976692764,,
976706528,965040986,976815122
976706536,986554270,746175986
976719654,,969197936
976719883,938641862,994490737
976723201,,971198559
976725565,,
976729919,878620852,925335894
976736982,985134847,
976767675,878620852,925335894
976775694,,
976780086,,976989651
976781058,,914971071
976784251,,
976788362,986554270,996920917
976795024,,
976796519,,
976807634,,
976816307,,950528958
976823133,,
976824512,,
976825578,,
976825713,,
976826485,,
976826604,,
976827546,,
976827589,,
976827910,,
976828593,,
976831071,,
976831942,,
976832027,,
976832345,,
976832507,,
976832515,,
976833163,,
976833503,,
976844955,950437537,
976844963,950437537,
976873416,,
976887581,,
976891554,,
976939190,,985729220
976964594,,
976974328,,
976974395,,
976974638,,
976975669,,
976976096,,
976979397,,
976979591,,
977010047,,976993403
977057736,,
977066026,991926577,915165974
977106265,,816590582
977150965,,
977180058,,
977202140,993314862,911853329
977295092,,942524544
977341620,,
977370299,912170357,
977381088,,
977384443,,
977408725,,
977423813,,
977478944,,
977490685,986554270,991907513
977513553,,917891591
977513723,,
977521386,,
977539269,,
977556791,,
977561345,996820645,
978130763,,
978298052,,
978603335,,
978605672,,
978606156,,
978607098,,
978622542,,
978640362,,
978691927,878620852,
978697593,,
978710506,,
978727360,,932986930
979082088,,976087607
979121741,,881009102
979136250,,942203640
979150172,,
979150237,,
979150954,,971539615
979154399,,954760936
979164602,,978669506
979192576,878620852,
979198094,,
979204965,,
979230265,,
979289952,,
979293194,,
979312415,,
979312946,,
979313241,,
979313926,,
979314124,,
979322399,,
979332068,,
979332556,,
979336020,,
979352581,,
979353170,,
979353197,,
979368658,878620852,925335894
979372892,,983510256
979374852,,975582663
979380763,,
979428812,,
979437390,998514983,
979437404,998514983,
979437412,998514983,
979450133,,
979468105,983974724,
979525079,,
979525222,,
979525435,,
979579829,960033590,
979586701,976498860,820710592
979587910,,
979587937,,
979588402,,
979588534,,
979588917,,
979588925,,
979589468,,
979589476,,
979589484,,
979590423,,
979590598,,
979591780,,
979591942,,
979592388,,
979592485,986554270,999244564
979592647,,
979592655,,
979593198,,
979626061,,
979638094,,964982953
979669933,,
979671105,,971384557
979687303,,
979698631,,
979734247,,
979740530,,
979781695,,
979781857,,976985923
979787855,,
979835272,,
979863799,,
979867921,,
979868499,948554062,855521482
979890834,,975564231
979893957,986554270,996920917
979893965,986554270,996920917
979893973,986554270,996920917
979894007,986554270,996920917
979932014,,
979975899,,928299295
979986475,891492642,
979993757,,
979996519,,
979998627,,
980003698,,
980031667,,
980033872,,925528226
980050971,,
980068137,,
980079945,,
980095657,,
980095851,,
980098974,,971245891
980113272,989065971,980247465
980121933,,
980125629,971272643,993467049
980125637,971272643,993467049
980128830,,987421096
980157164,,
980176800,,
980182347,938641862,990152713
980209873,,
980241416,,
980287459,,970534644
980335771,938641862,999632289
980339610,,
980342204,,
980357686,971272643,916882807
980372278,,970534644
980425630,,
980429741,,
980430588,,
980439577,,
980447588,986554270,996922766
980454754,,
980462242,,
980470865,,
980472922,938641862,980401510
980480291,948554062,
980482189,971272643,
980483940,,
980498158,,
980503275,,
980507300,,
980525856,,
980529398,,
980543641,,
980564339,,
980665674,,
980687244,,
980760235,,
980760618,,
980761819,,
980771210,,985483094
980789985,,
980840034,,999999999
980846040,,
980891186,,
980901084,878620852,925335894
980902013,991926577,915165974
980902463,878620852,925335894
980915034,,
980918874,,
980925005,,985914311
980936848,,
980943488,,
980948064,,
980969398,,
981007816,991926577,894166762
981007875,991926577,894166762
981007980,991926577,894166762
981018710,,
981075412,878620852,925335894
981080386,,
981098641,,
981098692,,
981098749,,
981098846,,
981133234,,976998081
981146891,,
981169557,,984070659
981175379,980907457,989263129
981205502,,
981207963,,976071166
981212304,960055390,874789542
981212355,960033590,
981232232,,822158722
981294149,,
981305469,,
981331389,,
981428048,938641862,
981453360,878620852,
981472381,,
981479696,878620852,999228070
981501667,,
981525337,981493761,814003582
981530896,,
981532449,979737459,971247207
981535022,,
981543246,,
981552172,,997510755
981559517,,
981591046,,
981612817,,
981626257,,
981922298,,
981925017,878620852,
981974816,881949482,971582820
981978471,,
981988779,,
981995864,,
982073685,,975839362
982140315,,
982151848,,
982159318,,999999999
982162971,,
982206103,878620852,925335894
982217008,991926577,
982229952,,
982248752,,
982251672,,
982263859,878620852,
982266394,998514983,
982267595,,995464748
982271371,,
982273854,,
982291127,,
982309026,,
982318475,,
982336244,,
982337550,,
982366267,,
982366291,,
982367379,971583088,971583088
982367409,,971334541
982368154,,
982375037,,
982383927,,
982384923,,
982401348,,982374553
982406552,,958935420
982432677,878620852,925335894
982443636,,
982451361,,975581179
982454689,,918094547
982499348,,
982506069,,
982534135,,942110464
982536162,,
982565499,,
982605032,,
982667879,,
982675723,,
982701112,,
982736129,,
982748054,,
982752809,,
982764017,,
982775388,,
982806712,,
982834155,,
982890497,,
982913683,974533588,
982918987,878620852,
982926610,,976993543
982929504,,
982947146,,838080332
982954819,,964338531
982974453,993314862,911853329
982978815,,
982982596,,
982986850,,
983023673,,
983043712,,
983060986,948554062,855521482
983093167,,969085135
983108016,991926577,838587051
983130704,,
983164765,,821215552
983167578,878620852,925335894
983173764,,
983179738,,
983209432,,
983211933,878620852,925335894
983214770,,914037379
983235875,,
983267181,,
983344267,,
983353525,,
983380255,,
983414508,,928285359
983436536,,983384862
983443761,,
983443923,,
983450334,,
983451829,,
983470750,,
983472907,,
983477607,987985135,
983491251,,
983492673,,
983499546,,
983509347,878620852,925335894
983539718,,
983544800,,
983569439,,
983577180,989400797,994890883
983592066,,920125298
983604560,,
983606350,,
983616429,,
983638759,,
983639267,,
983639534,,
983648894,,
983650317,,
983650716,991926577,989932454
983696899,,979870027
983722474,,
983740251,,
983759823,,920840000
983762107,,
983782507,,
983793967,,
983817025,,
983830285,,
983835643,,
983835988,,
983844995,878629852,925335894
983878008,971272643,979805829
983878032,971272643,
983945120,,
983952488,,
983952852,,
983959466,,816860822
984000685,990060460,
984001207,,
984001320,,
984019025,,
984033915,,
984034229,986554270,999244564
984035179,,
984037562,993314862,933089118
984093446,,
984134274,,
984137362,,
984137753,878620852,925335894
984151527,,966891750
984167490,,
984167954,,
984168160,,
984168233,,
984168349,,
984169868,998514983,
984170610,998514983,
984172540,998514983,
984173067,998514983,
984173083,998514983,979302665
984173091,998514983,
984184743,,
984186150,,
984230419,,
984240317,,
984255012,938641862,
984255926,,
984273894,,
984280254,,
984318766,,
984335180,,
984347189,878620852,925335894
984373309,,
984375670,,
984403569,938641862,
984418353,,
984422490,,971268247
984453361,991926577,989932454
984468369,,
984470789,,
984508921,877862085,925335894
984540124,,
984543921,,
984563639,,
984569742,,
984597894,878620852,925296775
984600089,,
984600844,,
984609612,,
984614381,,
984619588,,864950582
984626738,986554270,999244564
984628455,,
984633734,,
984649630,,
984662491,,
984666837,993314862,999149383
984680937,,
984684134,,971322136
984694504,878620852,
984700369,,
984705972,,
984709269,,
984715536,,
984723628,,980473465
984729235,,984696159
984736525,,
984744722,989083147,
984769350,,
984770154,,
984770235,,
984779860,878620852,925335894
984786840,,
984786948,,984760876
984800703,,
984810946,,
984811977,,
984823525,,982302463
984875843,,
984896212,,
984904037,,976505379
984914458,986554270,999244564
984914571,986554270,999244564
984914598,986554270,999244564
984917856,,
984927185,,
984929978,,
984933908,986554270,970534644
984937253,,
984942567,,984907273
984944756,,980175499
984962924,,
984967608,,999999999
984985525,878620852,925335894
985019347,,
985034850,997888049,
985060649,,
985071969,,
985085536,,
985093474,,
985094268,,
985131678,,
985138907,986554270,999244564
985140340,,
985165912,,985046646
985193452,,981548183
985202303,,
985202354,,
985216312,878620852,925335894
985219648,,
985256616,,
985271844,993314862,998167531
985314462,,
985323852,,964505616
985330492,991926577,989932454
985332517,,
985334641,,
985352771,989916998,
985361207,,
985366853,878620852,925335894
985406669,,
985439605,,
985465568,,
985473730,,
985487340,,
985488568,991926577,989932454
985488703,991926577,989932454
985488886,,
985495130,,
985499748,,885452922
985499896,,
985535515,878620852,925335894
985545057,,
985554471,,
985574324,,915659993
985578850,,979656785
985616507,,921060440
985616949,,814325202
985623864,,
985624038,,913011538
985669864,,
985669872,,
985688265,938641862,985654182
985695636,,992822120
985698023,,
985709645,,
985713553,,876986612
985717656,,
985770166,,
985773017,,
985774811,,
985787220,,815191722
985796718,,
985796742,,
985802246,,
985802416,,896276182
985812195,,
985820449,,
985821852,,
985828873,986554270,999244564
985840202,,
985858713,989065971,
985862176,,912259226
985865086,,974778742
985868123,919993103,
985874727,,983081932
985881820,991926577,989932454
985890463,,985221243
985908265,878620852,992380632
985917981,,976993241
985921636,,
985936897,,
985940398,,
985952787,,923202935
985956839,,990540624
985978387,,
985988951,,970025650
985998795,,
986032479,,
986062777,,
986083081,,
986091947,,
986092145,,
986094067,,
986101675,,994861891
986103082,998514983,
986103139,998514983,
986112421,,
986112448,,982345197
986119698,878620852,
986120971,,972418048
986131523,946272620,
986136215,986554270,999244564
986136258,986554270,979948492
986154086,878620852,925335894
986166041,,988578827
986167897,878620852,925335894
986170820,,
986209077,,927603934
986209638,971486791,876820722
986213376,986721924,992061758
986213678,,
986251987,,
986253629,,
986282114,878620852,925335894
986286683,938641862,986275142
986290389,986554270,996920917
986335714,878620852,925335894
986344632,,
986357173,871497052,
986373675,,986365524
986375910,,
986383670,,983971636
986383719,,983971636
986383778,,983971636
986383794,,983971636
986421750,912450716,
986423419,878620852,
986434283,,
986460047,,
986461078,,
986496149,,
986514031,,
986517642,,
986536019,,
986545271,,
986559426,,
986564721,878620852,925335894
986582282,,
986611134,993314862,916208626
986614109,,
986618066,985996296,985996296
986620796,,
986632484,,
986633421,,916356943
986647406,,
986661999,,
986670947,,
986691987,878620852,
986697853,986554270,999244564
986701419,,
986707093,,
986707395,,
986707700,,
986708251,991926577,915165974
986767576,,
986769595,,971253924
986769641,,
986792341,979737459,926580566
986820086,,
986829121,,994684841
986838880,,986838880
986839658,,
986848266,,971561335
986849386,,
986850155,878620852,925335894
986858997,991926577,915165974
986859632,878620852,925335894
986862374,,
986863834,,
986877711,,
986878327,,
986896724,938641862,986796827
986896848,938641862,986796797
986898190,,
986900233,992598778,
986904085,,
986911081,986554270,999244564
986914374,,
986916601,989065971,
986927301,,
986933549,991926577,989932454
986933565,991626577,989932454
986948260,991926577,989932454
986951016,,
986952861,,
986952926,,
986963413,916751249,981448561
986968164,,
986974873,,987591005
986979085,979737459,995733226
986993282,938641862,986876251
987001003,991926577,
987004436,,
987013060,878620852,
987013354,,875593102
987013958,,985658099
987017422,938641862,986986561
987019530,,
987021152,,
987040017,,
987040858,,971078855
987045833,,
987046074,,
987046279,,987625767
987046635,,
987055421,,
987057912,,992976845
987058285,,
987059648,878620852,925335894
987067276,,
987070862,,
987078537,,
987099607,,942875967
987109963,,
987110201,,921432380
987110902,,
987117575,993314862,923080295
987120975,878620852,925335894
987126531,,
987128321,,
987130008,,
987133767,,
987146192,,974778742
987167114,,
987174382,,
987176520,,
987186313,878620852,925335894
987203129,,
987214244,,
987219963,,995041111
987224576,,
987247738,971272643,920125298
987254432,,976988132
987255110,919147857,
987278595,986554270,999244564
987280107,878620852,925335894
987337737,,954745708
987374446,938641862,987365390
987380594,,
987381035,938641862,987365404
987381051,938641862,987365420
987387084,,
987415959,,
987424680,,
987431911,986554270,999244564
987445394,878620852,925335894
987456698,991926577,
987463651,,
987463902,,987440597
987495065,,
987496231,938641862,987450916
987517700,,
987532874,,
987535407,,
987549912,979737459,995733226
987577401,,
987583134,,
987589507,,
987595426,878620852,925335894
987610735,938641862,874780782
987636254,,995980762
987639105,978605702,987213450
987644788,996820645,997020529
987646705,,
987697164,974533588,230763480
987704047,,
987711175,,
987711779,878620852,925335894
987723068,980907457,960099826
987723165,980907457,943756813
987730897,,
987730951,938641862,887705852
987739061,987690062,990653429
987744502,,
987751894,,976993357
987752149,,
987761636,,
987766530,,
987785411,,954597482
987791047,878620852,912156508
987801638,,
987805331,,
987805420,,
987806028,,
987806230,991926577,989932454
987811412,,983602134
987817305,,
987828528,938641862,992337141
987847069,878620852,925335894
987849096,878620852,925335894
987850027,938641862,887803692
987854197,878620852,925335894
987861649,,
987864915,,
987872187,911561603,996186970
987879734,938641862,887864292
987913592,,
987914637,997999231,997157737
987917261,,
987925396,,
987948604,,
987957174,,
987973420,,
987976926,,
987986530,,992562862
987992921,938641862,
988000248,,
988001317,,
988006513,878620852,925335894
988007196,690033590,
988008222,938641862,
988009180,986554270,922698058
988010898,,
988012440,,
988013447,,
988016497,,
988019364,878620852,878620852
988027014,,
988060429,,
988081140,,974778742
988103047,,
988109584,,
988116246,991926577,989932454
988116459,991926577,989932454
988125954,,
988127299,,
988163236,938641862,988043311
988170011,,
988174661,,
988180866,938641862,988168246
988182443,,
988215651,,
988215872,997888049,
988226750,,
988228303,878620852,925335894
988230693,991926577,
988230707,991926577,
988231401,,971491264
988250007,991926577,894166762
988255947,,980374505
988267651,938641862,988252506
988267740,938641862,988252441
988288039,,
988289388,,
988301248,991926577,989932454
988303232,,
988312746,,
988313785,,
988315087,879439582,
988317314,,
988320684,993314862,916092008
988322849,,
988339490,878620852,925284130
988340758,987980222,983669552
988345482,,
988348899,878620852,925335894
988359564,878620852,984506929
988362484,,
988364630,,
988370592,,995529955
988371114,,
988373613,986554270,999244564
988378518,,
988387207,986554270,999244564
988388440,,
988391964,,
988405280,,
988405906,,991449353
988410756,,
988414557,,
988429619,,
988435074,,
988435112,,
988446130,,
988462985,,992707496
988471011,,
988479853,,
988482633,991926577,989932454
988484539,,
988487376,891492642,824875782
988487465,,
988495220,,
988501239,,
988504483,,923547150
988509647,988014656,980876883
988514985,,
988515027,878620852,926003089
988516406,,979496788
988517585,,
988529036,,
988532665,,
988532703,,
988532754,,
988533386,,
988538744,878620852,977037239
988541222,,
988542296,938641862,922043493
988554626,,
988555118,878620852,925335894
988557390,998514983,
988558869,,911757796
988565563,,
988578088,,
988582468,,
988592765,,
988592846,,
988593451,,
988599174,,
988604038,,
988611336,,
988615862,938641862,988605204
988615889,938641862,988605247
988629626,878620852,826157062
988632260,,
988642436,,
988653519,,
988654833,,
988667323,,
988715425,946272620,
988721239,,
988723428,,994186191
988724750,,
988725285,938641862,988717843
988725919,938641862,988717932
988726206,,971337435
988728144,,
988730491,,917891591
988735248,,
988736686,,
988741795,991926577,989932454
988745405,991926577,989932454
988761532,888683402,
988772569,878620852,971307374
988772623,,
988777404,916751249,
988778591,971272643,
988801437,938641862,988792160
988801585,938641862,988792187
988801593,991926577,
988820628,,
988835625,,
988841641,878620852,925335894
988859680,,
988859745,,
988860298,,
988875945,,
988875961,,
988880086,,
988893293,,
988897523,,
988900303,916352212,
988930423,,
988945102,,989570285
988956848,,995253208
988957860,,988883050
988968595,,922984735
988968676,979737459,995733226
988968692,979737459,916666837
988973718,,
988973785,,
988988103,,
988988294,,
988992054,,
988993174,,876820722
988994227,,975950662
988997110,,
988997218,,
988997609,,
989000470,,988910155
989000535,,
989009427,,989229575
989012037,986554270,999244564
989012088,986554270,999244564
989042815,,291272386
989064193,,
989093541,,
989093681,,
989094092,,
989094335,,
989094688,,
989094874,,
989097253,,
989097296,,
989102702,,
989118528,989065971,
989124986,,
989154974,991926577,
989158090,,
989158147,,
989178083,,
989281615,,885256562
989288741,989261657,980876883
989297937,886308922,
989303368,,
989303511,878620852,925335894
989304879,938641862,989117408
989305026,938641862,989117386
989305050,938641862,989117378
989305174,938641862,989117343
989305425,938641862,989117424
989318764,,812637312
989322028,979737459,995733226
989322052,979737459,995733226
989324977,,976993403
989331558,,984081049
989333224,,
989342185,,
989356690,,
989373595,,
989408577,,
989414186,,995969882
989420518,,971387378
989427849,938641862,989308009
989427946,938641862,989308130
989441183,995742187,990833850
989442147,938641862,889321202
989481584,,
989482181,,
989491024,,
989491482,,971478195
989515454,878620852,925335894
989531409,,
989536338,,976991249
989540637,,
989540769,991926577,989932454
989543482,986554270,922698058
989570137,,982286875
989586696,991926577,989932454
989589199,,979513623
989595113,917891702,989557629
989596373,,
989596691,991926577,
989616005,,
989625489,,990992606
989625934,878620852,925335894
989628089,,971448938
989634488,,
989639463,,
989658611,,983948405
989662031,938641862,993731250
989662678,,
989689444,,
989715593,878620852,988869651
989727168,,
989744038,,
989750623,,
989753908,,
989755498,878620852,925335894
989759345,881949482,
989760351,,
989767305,,
989800795,,989769995
989820109,989763520,
989820729,,
989821059,938641862,889544902
989824716,938641862,989579258
989826956,,
989836048,,
989856472,,989690272
989857746,938641862,989603728
989861069,991926577,989932454
989875906,991926577,989932454
989875922,991926577,989932454
989916432,878620852,
989931865,,889867582
989933973,,970534644
989939408,,
989939645,,
989944487,971272643,
989945076,,
989946056,671272643,
989952501,,
989957341,,
989962655,,
989964682,878620852,925335894
989965603,878620852,925335894
989965646,878620852,925335894
989976621,,
989980963,991926577,989932454
989981277,958673027,
989981501,957109713,
989981544,,
990006598,,
990011400,938641862,989925660
990011540,938641862,989925687
990020310,,
990021449,,
990028427,,
990032270,993314862,927145383
990032610,938641862,989925717
990033277,,981678826
990040370,,
990040753,,
990041032,,
990059659,,
990060843,,
990065144,,
990081891,,
990082529,,
990102848,,
990104964,,989882341
990106649,991926577,989932454
990114927,,
990129916,,
990133670,878620852,
990137455,,
990160678,985134847,
990167249,,
990174733,,
990178216,,
990179255,,
990215723,986554270,996920917
990221863,,
990233977,,
990236445,,
990240981,878620852,
990255857,,
990258651,938641862,890224792
990258996,938641862,990224676
990259011,938641862,990224722
990259909,938641862,990224528
990260249,,
990265631,878620852,988306452
990269548,,
990285098,,
990295891,,
990303398,986554270,999244564
990307164,,980626113
990321051,,984907273
990321310,,123456789
990328269,,
990333963,,
990347352,,
990367701,886308922,
990384177,,
990387915,938641862,989321188
990393125,991926577,989932454
990393478,991926577,989932454
990404240,,
990450471,985072825,990407592
990451060,,
990472386,938641862,890399142
990524424,878620852,925335894
990527288,,
990528195,,
990535051,993314862,999149383
990537232,,
990548447,,991730168
990551111,986554270,912021459
990559643,998514983,
990580685,993314862,977326982
990597448,986554270,922698058
990608083,,
990613508,,
990618607,,
990619360,,
990629544,,971378719
990635285,,921550065
990635498,,994314726
990636850,979493819,997587332
990642508,,
990656568,989261657,980876883
990664005,881949482,971582820
990664048,886308922,990598975
990669449,,
990681457,989763520,
990714878,,
990716722,,
990721696,938641862,990674817
990721726,938641862,990674809
990726035,,
990733481,,
990737320,991926577,989932454
990739609,938641862,990675244
990739617,938641862,990674833
990739714,,
990746257,,976998146
990747644,878620852,925335894
990749914,878620852,925335894
990751749,991926577,885277802
990753547,989065971,
990753695,,
990756481,986554270,922698058
990761809,,
990799431,,
990802025,,
990805466,,
990810427,991926577,989932454
990821933,938641862,886646682
990835292,991926577,989932454
990839778,971272643,980019578
990839891,971272643,
990847924,,
990860459,,
990882983,993314862,919164786
990887934,938641862,890845452
990894426,938641862,990845549
990894507,938641862,990845980
990895023,938641862,990846022
990896399,938641862,990846065
990896577,,970028935
990899029,,
990900019,938641862,990845492
990906955,,989163965
990907412,,
990914710,987716037,
990914842,987716037,
990915113,971583088,964338531
990918880,986554270,922698058
990928525,989065971,982972965
990940045,971272643,
990955131,,991291296
990972850,,925880876
990983534,938641862,890935052
990983542,938641862,990935092
991010548,,
991012621,938641862,987573066
991019790,971272643,
991037314,938641862,990978603
991041192,,
991042148,,
991046224,989065971,
991053298,,
991080724,879437582,
991088393,,
991103813,878620852,925335894
991111298,,974799189
991120017,,
991127976,,
991152970,,
991155686,,
991163034,,
991189874,,
991190880,991926577,989932454
991191712,991926577,989932454
991194401,938641862,991127445
991194746,938641862,
991194800,938641862,991127372
991201009,,
991208216,878620852,
991209557,938641862,991161643
991209751,878620852,925335894
991233172,,
991233792,993314862,911853329
991239022,,979251106
991241043,938641862,991174052
991262865,,
991273069,,969149230
991276939,,
991287388,878620852,
991297626,938641862,991247599
991298207,938641862,991247645
991299319,,
991323104,,938679177
991343083,938641862,991282106
991343474,938641862,991282157
991343628,,
991361057,,
991369058,986554270,922698058
991371907,,
991380485,,969692384
991380507,988256455,
991391843,,
991399364,,
991405801,,
991414258,991926577,989932454
991418776,,
991418784,985996296,985996296
991419063,,
991419187,,
991419543,,
991420150,,
991420169,,
991420177,,
991424725,938641862,991366350
991424806,938641862,991366377
991431411,,
991432272,,
991432477,,
991432914,,
991435603,,
991436103,,
991437207,,
991437312,,
991437908,,
991438505,,
991439005,,
991439811,,
991440968,,
991442677,,
991443339,,
991443975,,
991444416,,
991452451,946272620,
991458476,,
991479996,,
991486941,878620852,
991496416,,
991497064,,
991500766,,984735731
991511105,,
991532099,,
991542221,,
991542612,878620852,925335894
991544593,993312444,990049963
991552758,,
991555749,,
991560653,938641862,991538984
991566422,986554270,996920917
991568786,,
991570497,,
991575863,,
991581189,886308922,991421270
991581383,,
991584234,,
991592040,,
991599339,,
991599355,,
991600884,,
991604863,,916852215
991606521,,
991620281,,
991626557,971646861,
991636617,,
991642145,991926577,
991647597,,
991647724,,
991647767,,
991647775,,
991647783,,
991648690,,
991648704,,
991652493,878620852,
991658009,993312444,987591579
991661077,,998884748
991662634,,980300714
991669396,,123456789
991673903,,
991679529,989065971,813124122
991691111,,
991695664,,
991696830,,
991702253,,
991714030,,
991726004,,
991734295,998514983,
991734341,998514983,
991740627,971646861,
991743944,986554270,999244564
991744568,,
991746358,,920125298
991755314,938641862,991676686
991767886,,
991773002,,
991773096,,
991796177,938641862,990986886
991843876,,998377528
991848436,878620852,925335894
991858733,,939467203
991862153,,964338531
991875417,938641862,995668505
991875441,938641862,
991895299,912450716,
991943854,,
991948589,878620852,925335894
991956484,938641862,991890947
991956514,938641862,991890904
991963170,,
991963650,,
991964118,,
991997210,,
991998705,,
991999108,948554062,
992026650,,
992042400,878620852,923454209
992066458,,
992071435,,
992083069,,
992086696,989065971,
992089512,878620852,
992097965,971646861,913362667
992098171,938641862,992029757
992098570,938641862,
992098783,938641862,992029730
992098899,938641862,992029897
992098910,938641862,992029943
992098929,938641862,
992099801,,
992120967,,
992140682,998514983,
992141646,,
992159251,,
992173629,,977483689
992179880,992077948,971513217
992179929,992077948,
992181486,,
992183705,,927835304
992193603,,
992203897,991926577,989932454
992205113,991926577,989932454
992206365,991926577,989932454
992210249,,
992217316,,992208031
992217723,,
992217731,,
992223162,991926577,989932454
992232196,,
992250216,996820645,997020529
992251344,,
992254106,991926577,915165974
992255862,,
992258462,,
992263431,,
992273178,938641862,
992273259,938641862,992220333
992273526,992208430,917891591
992282568,,
992284641,,
992301872,971272643,
992328827,,
992332336,,
992336943,938641862,992277777
992366389,,
992367008,,992361115
992368292,971646861,914748569
992382643,,
992387726,,
992391219,986554270,
992408707,878620852,925335894
992413034,878620852,992625635
992433833,,980984052
992461489,991926577,989932454
992462310,991926577,
992467142,,
992471174,878620852,925335894
992473533,,
992473584,,
992482273,991926577,989932454
992501774,,
992506652,,
992527587,989087282,971332026
992527684,989087282,820852982
992527722,989087282,975641708
992536535,986554270,999244564
992539712,,
992540508,,947456415
992547081,971646861,
992552603,,
992552980,,
992559667,984685920,
992571659,,
992571691,,
992571756,,
992577827,,
992581328,,
992584440,,
992585277,,
992589817,,871491232
992592591,998514983,
992593865,938498318,
992594098,971646861,
992598131,,999999999
992618108,,915344127
992624620,878620852,925335894
992627166,,
992661135,,948611988
992668164,,
992685530,,
992686073,,
992686111,,
992695250,,982551358
992699574,,
992706163,,
992728337,,
992733519,,
992736046,938641862,992684925
992736569,992725982,
992741945,938641862,892699682
992748583,,992306033
992753153,,
992760877,986554270,999244564
992763809,,
992769467,878620852,925335894
992769475,878620852,925335894
992772581,,
992779373,,
992779632,,991710582
992781521,971646861,
992781556,971646861,
992781580,971646861,
992782765,878620852,
992786884,,
992788763,,
992792507,,
992794291,,
992810971,878620852,925335894
992814764,,
992818727,,
992820349,938641862,992784210
992821167,938641862,
992824727,,
992828188,938641862,992786361
992833033,991926577,992864206
992835559,,
992838787,,
992839902,,994251651
992840196,991926577,990586152
992843551,991926577,989932454
992843578,991926577,989932454
992851325,,999999999
992854677,,889867582
992857005,,
992858257,,
992862807,,
992867213,,
992871172,,
992875194,991926577,992864206
992876891,,
992877553,985996296,985996296
992880554,,
992908319,,999999999
992922893,878620852,925335894
992924934,,
992927720,,
992953403,,
992962798,,
992968028,,
992979933,,
992980427,979737459,995733226
992990333,,
992998245,971272643,
993001481,,
993003301,,
993008036,938641862,992994568
993017914,986554270,999244564
993018155,,
993020540,,
993033898,,
993066494,,
993098396,,
993106631,,
993131075,,899631862
993154504,,
993156434,938641862,993108332
993162604,,
993176087,,
993180254,,
993193968,986554270,
993221473,878620852,925335894
993233994,938641862,993194735
993239372,,
993252557,878620852,925335894
993266043,,
993266361,,987256567
993268755,938641862,993255394
993270415,,980484424
993288012,,
993294977,979737459,926580639
993299340,938641862,893289542
993315524,916352212,
993336122,,
993371696,,
993372994,,
993388513,,
993393916,,
993397970,,
993397997,,
993400394,,
993406597,,
993420387,,
993423246,,
993428841,,976991982
993433187,,
993433438,,
993439495,,
993439584,,
993439592,,
993445835,878620852,925335894
993447137,,
993452580,989400797,970169717
993454443,878620852,
993456519,,989027239
993467294,,
993481947,,977245532
993487902,,
993492604,,
993504149,,914588545
993506095,,
993508500,,
993512575,,
993512591,,
993525448,984685920,971577061
993526975,,
993528501,878620852,925335894
993530026,912450716,997504488
993556920,,
993564133,,
993576131,,
993593001,,
993595144,938641862,893574352
993601918,878620852,
993605182,,
993610089,,
993629138,,
993632252,,
993633208,,971491043
993638943,886308922,990699275
993754994,,
993780448,,925996432
993800007,971272643,874778702
993804703,,979607229
993814466,,
993818666,989916998,
993856649,,
993885339,,
993891231,938641862,993885045
993891525,938641862,
993895660,974533588,
993898740,,
993898848,,
993903442,,993371262
993910317,,956114233
993912751,,987851147
993918474,,
993921890,993314862,
993945609,878620852,925335894
993958808,,
993959197,,
993966703,,
993979686,878620852,
993997633,,
994004840,,
994004956,,
994043099,,
994048430,991926577,
994048686,991926577,992864206
994064452,,
994099612,,
994099647,,
994143891,878620852,
994150901,,999999999
994153323,,
994153455,,
994160214,,
994173200,,
994174525,,
994182382,986554270,
994203584,,
994214217,988256455,
994214500,,
994215574,,
994220934,,
994225898,,
994233262,,977391156
994233742,,
994234331,878620852,
994235222,878620852,925335894
994243780,,
994249622,,
994264303,971272643,
994274406,,918794034
994274465,919714743,
994275925,,
994290614,,956971322
994294563,,
994295314,,
994295470,,
994298267,986721924,919966343
994298356,986721924,994765388
994298399,,
994310631,951103217,971278374
994323849,916342152,
994338471,991926577,989932454
994349511,938641862,994328239
994349864,878620852,925335894
994349880,921967233,
994357263,989263129,995158884
994374451,,
994375911,,
994379194,,985160570
994393103,,
994393391,,
994394215,,
994394339,,
994408127,,
994408860,,
994416162,,
994441116,938641862,989544810
994451464,,
994454420,,
994454439,,
994459082,,
994461575,946272620,
994464000,,999999999
994468642,,
994470426,,
994490664,,971221712
994506404,938641862,994490710
994508091,,987508981
994519204,,
994549448,878620852,925335894
994553674,,
994558323,938641862,994536478
994568612,,
994593110,971646861,914748569
994597655,993314862,999149383
994614371,938641862,989308084
994615793,,
994656198,,918995528
994657887,,
994657925,,
994657984,,
994708007,938641862,994698052
994708457,938641862,994697994
994747428,,
994790463,,971277777
994862200,911561603,996186970
994864653,,
994875698,,992573597
994888498,921967233,
994891073,,998195888
994900102,987690062,990653429
994902903,,976995155
994903004,,992707496
994914200,,
994914421,,879251982
994914707,,
994915274,,
994915959,,
994919318,878620852,
994936115,,
994939564,,
994939610,,
994941488,991926577,992864206
994945645,,
994946811,,
994947362,,
994951939,,
994953834,,
994954059,,
994954113,,
994954253,,
994955268,,
994965263,,
994966065,,
994987283,,
995004186,,
995006456,878620852,925335894
995015412,,969621711
995031256,938641862,995011530
995031280,938641862,993467049
995050617,,
995050897,,
995051265,,
995060604,878620852,
995063204,878620852,925335894
995068516,,
995068656,,
995070146,,
995071851,,
995078562,,
995078651,,
995078732,,
995079151,,
995085135,,
995085232,,
995091291,,
995093049,,
995093073,,
995096471,,955205278
995107716,,
995108186,,
995108208,,
995108216,,
995109735,,971340355
995110199,,130372228
995119560,,
995141639,,
995200007,,
995212684,,
995226855,,
995248247,976108884,976108884
995293382,938641862,995282704
995293404,938641862,
995305097,,
995319101,,971492627
995364549,,
995367637,,
995370530,878620852,925335894
995371499,,
995381036,,
995388278,,
995410338,,
995412772,878620852,925335894
995412780,878620852,925335894
995435748,971646861,914748569
995443449,986554270,996920917
995453924,,
995467046,971272643,874778702
995467402,971272643,994853503
995467445,,
995469332,988256455,
995478528,938641862,895435902
995489422,,
995501805,,
995513471,,
995535637,938641862,995524341
995563975,991926577,989932454
995598477,938641862,895588652
995610124,,
995613514,,
995613662,,
995619946,878620852,925335894
995622572,,
995624079,991926577,
995625679,,
995631806,,
995648512,,995477610
995652137,993312444,994871323
995657813,878620852,977110912
995663597,991926577,989932454
995667541,,
995671298,,
995680696,,995574276
995695723,,
995714868,,974246538
995737299,,
995737329,986554270,922698058
995737345,986554270,922698058
995737353,986554270,922698058
995746999,990833850,
995781638,,
995788292,878620852,
995792486,987690062,990653429
995835827,,
995849623,,
995849658,,
995895935,979737459,995733226
995921499,878620852,
995965747,,
995967707,878620852,925284076
995983656,,
995994259,938641862,995985683
996000389,,
996000540,,
996001253,,
996004783,,
996005364,,
996006158,,976992512
996006344,,996006344
996016676,986554270,
996028364,,993908355
996077004,991926577,896069012
996081222,,
996081656,938641862,996073440
996113639,878620852,971493658
996140172,986554270,999244564
996162893,938641862,996153444
996173860,971646861,914748569
996194361,986554270,996920917
996194388,986554270,996920917
996194396,986554270,996920917
996194434,986554270,996920917
996194442,986554270,996920917
996215350,,821374332
996222055,878620852,
996236498,938641862,896152912
996258661,938641862,
996271676,986554270,999244564
996281051,,971492031
996311783,878620852,
996314901,,
996318567,,
996371786,878620852,990773009
996396169,980907457,974530937
996398358,938641862,996373940
996410609,,971503424
996426874,,
996437752,938641862,996426823
996451151,,
996470652,,
996472027,,995306050
996489957,,989284401
996566528,878620852,925335894
996641171,,924276991
996654184,,
996675262,,
996675270,,
996705455,,
996709019,986554270,
996709604,989083147,
996741389,,
996774929,878620852,925335894
996788695,986554270,996920917
996788717,986554270,953955083
996788733,986554270,999244564
996789101,986554270,988212024
996789136,986554270,996920917
996789209,986554270,996920917
996789217,986554270,996920917
996789233,986554270,996920917
996789241,986554270,996920917
996789268,986554270,996920917
996789276,986554270,996920917
996789284,986554270,917664609
996797864,,
996833127,988256455,
996843254,938641862,996830772
996908739,991926577,
996968529,878620852,925335894
997010329,878620852,
997010345,878620852,
997019814,,944372172
997036964,,
997115953,,
997120973,,
997143019,997126971,
997173848,,
997183479,886308922,
997197690,924058625,922835683
997235541,,
997287932,,
997298918,,
997301986,987980222,983669552
997325753,979493819,964338531
997376366,,
997453964,986554270,991391290
997458435,988256455,
997466152,991926577,
997478657,986554270,915070434
997478673,986554270,998700000
997524705,913307062,
997541359,878620852,925335894
997553152,,
997571673,979737459,927123126
997601505,,
997618769,,
997628306,,999999999
997638034,,994272942
997645545,878620852,
997663195,,
997700953,878620852,
997702883,,
997709241,,
997709268,,
997724704,,
997777476,,
997813553,878620852,970446257
997824849,,991069097
997827910,,948483750
997838122,,999999999
997939042,,
997964853,878620852,
997982568,938641862,993731250
998010942,997999231,
998028752,,
998051673,,
998061563,,
998167418,,
998175976,878620852,925335894
998178991,912450716,
998199948,,
998271959,,984841620
998274168,986721924,
998292298,986554270,
998298962,,985012296
998310881,878620852,925335894
998364531,,
998374103,,
998380537,,
998393647,,
998400597,,856226182
998432847,878620852,925335894
998438942,878620852,
998439086,878620852,
998439108,878620852,
998440629,878620852,925335894
998458757,,
998491959,,
998505747,,
998542553,878620852,
998547180,878620852,925335894
998572533,986554270,999244564
998578310,,
998608864,,
998624584,985265615,989182498
998624630,985265615,989182498
998632390,,
998633923,938641862,998599970
998639476,,
998650097,,936641377
998674905,,
998689368,,
998696666,,
998710030,,
998713528,,
998717884,938641862,998708931
998730856,,
998736250,,
998754461,,
998769620,993314862,940155045
998881390,,979408439
998883636,,
998923808,,922850097
998991250,938641862,991982434
999019102,878620852,925335894
999050603,,
999069312,878620852,925335894
999103782,913798759,
999112110,,
999211240,,971255838
999219861,,
999259057,,
999274811,938641862,999238610
999297404,971646861,
999321321,,
999324657,,
999336752,,
999339107,,
999339166,,
999339212,,
999348556,,
999609775,,
999640869,878620852,
999669514,,
